0,北海道
0,青森県
0,岩手県
0,宮城県
0,秋田県
0,山形県
0,福島県
0,茨城県
0,栃木県
0,群馬県
0,埼玉県
0,千葉県
0,東京都
0,神奈川県
0,新潟県
0,富山県
0,石川県
0,福井県
0,山梨県
0,長野県
0,岐阜県
0,静岡県
0,愛知県
0,三重県
0,滋賀県
0,京都府
0,大阪府
0,兵庫県
0,奈良県
0,和歌山県
0,鳥取県
0,島根県
0,岡山県
0,広島県
0,山口県
0,徳島県
0,香川県
0,愛媛県
0,高知県
0,福岡県
0,佐賀県
0,長崎県
0,熊本県
0,大分県
0,宮崎県
0,鹿児島県
0,沖縄県
1,東京都,東京大学

2,東京大学,農学生命科学研究科
2,東京大学,総合文化研究科・教養学部
2,東京大学,教育学研究科・教育学部
2,東京大学,薬学系研究科・薬学部
2,東京大学,数理科学研究科
2,東京大学,新領域創成科学研究科
2,東京大学,情報理工学系研究科
2,東京大学,情報学環・学際情報学府
2,東京大学,公共政策学教育部
2,東京大学,法学政治学研究科・法学部
2,東京大学,医学系研究科・医学部
2,東京大学,人文社会系研究科・文学部
2,東京大学,経済学研究科・経済学部
3,東京大学,工学系研究科,社会基盤学専攻
3,東京大学,工学系研究科,建築学専攻
3,東京大学,工学系研究科,都市工学専攻
3,東京大学,工学系研究科,機械工学専攻
3,東京大学,工学系研究科,精密工学専攻
3,東京大学,工学系研究科,航空宇宙工学専攻
3,東京大学,工学系研究科,電気系工学専攻
3,東京大学,工学系研究科,物理工学専攻
3,東京大学,工学系研究科,システム創成学専攻
3,東京大学,工学系研究科,マテリアル工学専攻
3,東京大学,工学系研究科,応用化学専攻
3,東京大学,工学系研究科,化学システム工学専攻
3,東京大学,工学系研究科,化学生命工学専攻
3,東京大学,工学系研究科,先端学際工学専攻
3,東京大学,工学系研究科,原子力国際専攻
3,東京大学,工学系研究科,バイオエンジニアリング専攻
3,東京大学,工学系研究科,技術経営戦略学専攻
3,東京大学,工学系研究科,原子力専攻（専門職大学院）
3,東京大学,理学系研究科,物理学専攻
3,東京大学,理学系研究科,天文学専攻
3,東京大学,理学系研究科,地球惑星科学専攻
3,東京大学,理学系研究科,化学専攻
3,東京大学,理学系研究科,生物科学専攻
3,東京大学,農学生命科学研究科,生産・環境生物学専攻
3,東京大学,農学生命科学研究科,応用生命化学専攻
3,東京大学,農学生命科学研究科,応用生命工学専攻
3,東京大学,農学生命科学研究科,森林科学専攻
3,東京大学,農学生命科学研究科,水圏生物科学専攻
3,東京大学,農学生命科学研究科,農業・資源経済学専攻
3,東京大学,農学生命科学研究科,生物・環境工学専攻
3,東京大学,農学生命科学研究科,生物材料科学専攻
3,東京大学,農学生命科学研究科,農学国際専攻
3,東京大学,農学生命科学研究科,生圏システム学専攻
3,東京大学,農学生命科学研究科,応用動物科学専攻
3,東京大学,農学生命科学研究科,獣医学専攻
3,東京大学,総合文化研究科・教養学部,言語情報科学専攻
3,東京大学,総合文化研究科・教養学部,超域文化科学専攻
3,東京大学,総合文化研究科・教養学部,地域文化研究専攻
3,東京大学,総合文化研究科・教養学部,国際社会科学専攻
3,東京大学,総合文化研究科・教養学部,広域科学専攻
3,東京大学,教育学研究科・教育学部,総合教育科学専攻
3,東京大学,教育学研究科・教育学部,学校教育高度化専攻
3,東京大学,薬学系研究科・薬学部,薬科学専攻
3,東京大学,薬学系研究科・薬学部,薬学専攻
3,東京大学,数理科学研究科,数理科学専攻
3,東京大学,新領域創成科学研究科,物質系専攻
3,東京大学,新領域創成科学研究科,先端エネルギー工学専攻
3,東京大学,新領域創成科学研究科,複雑理工学専攻
3,東京大学,新領域創成科学研究科,先端生命科学専攻
3,東京大学,新領域創成科学研究科,メディカル情報生命専攻
3,東京大学,新領域創成科学研究科,自然環境学専攻
3,東京大学,新領域創成科学研究科,海洋技術環境学専攻
3,東京大学,新領域創成科学研究科,環境システム学専攻
3,東京大学,新領域創成科学研究科,人間環境学専攻
3,東京大学,新領域創成科学研究科,社会文化環境学専攻
3,東京大学,新領域創成科学研究科,国際協力学専攻
3,東京大学,情報理工学系研究科,コンピュータ科学専攻
3,東京大学,情報理工学系研究科,数理情報学専攻
3,東京大学,情報理工学系研究科,システム情報学専攻
3,東京大学,情報理工学系研究科,電子情報学専攻
3,東京大学,情報理工学系研究科,知能機械情報学専攻
3,東京大学,情報理工学系研究科,創造情報学専攻
3,東京大学,情報学環・学際情報学府,学際情報学圏専攻
3,東京大学,情報学環・学際情報学府,社会情報学圏専攻
3,東京大学,公共政策学教育部,公共政策学専攻
3,東京大学,公共政策学教育部,国際公共政策学専攻
3,東京大学,法学政治学研究科・法学部,総合法政専攻
3,東京大学,法学政治学研究科・法学部,法曹養成専攻
3,東京大学,医学系研究科・医学部,分子細胞生物学専攻
3,東京大学,医学系研究科・医学部,機能生物学専攻
3,東京大学,医学系研究科・医学部,病因・病理学専攻
3,東京大学,医学系研究科・医学部,生体物理医学専攻
3,東京大学,医学系研究科・医学部,脳神経医学専攻
3,東京大学,医学系研究科・医学部,社会医学専攻
3,東京大学,医学系研究科・医学部,内科学専攻
3,東京大学,医学系研究科・医学部,生殖・発達・加齢医学専攻
3,東京大学,医学系研究科・医学部,外科学専攻
3,東京大学,医学系研究科・医学部,健康科学・看護学専攻
3,東京大学,医学系研究科・医学部,医科学専攻
3,東京大学,医学系研究科・医学部,公共健康医学専攻
3,東京大学,人文社会系研究科・文学部,基礎文化研究専攻
3,東京大学,人文社会系研究科・文学部,日本文化研究専攻
3,東京大学,人文社会系研究科・文学部,アジア文化研究専攻
3,東京大学,人文社会系研究科・文学部,欧米系文化研究専攻
3,東京大学,人文社会系研究科・文学部,社会文化研究専攻
3,東京大学,人文社会系研究科・文学部,文化資源学研究専攻
3,東京大学,人文社会系研究科・文学部,韓国朝鮮文化研究専攻
3,東京大学,経済学研究科・経済学部,経済専攻
3,東京大学,経済学研究科・経済学部,マネジメント専攻


4,東京大学,工学系研究科,社会基盤学専攻,河川／流域環境研究室
4,東京大学,工学系研究科,社会基盤学専攻,Geotechnical Engineering Lab
4,東京大学,工学系研究科,社会基盤学専攻,沖研究室(Global Hydrology and Water Resource Engineering)
4,東京大学,工学系研究科,社会基盤学専攻,福田研究室（交通行動分析，社会経済分析，国際都市戦略）
4,東京大学,工学系研究科,社会基盤学専攻,マネジメントグループ
4,東京大学,工学系研究科,社会基盤学専攻,都市生活学・ネットワーク行動学研究グループ
4,東京大学,工学系研究科,社会基盤学専攻,海岸・沿岸環境研究室
4,東京大学,工学系研究科,社会基盤学専攻,地域/情報研究室
4,東京大学,工学系研究科,社会基盤学専攻,Computational Science and High Performance Computing Laboratory
4,東京大学,工学系研究科,社会基盤学専攻,橋梁・風工学研究室



4,東京大学,工学系研究科,建築学専攻,三谷研究室
4,東京大学,工学系研究科,建築学専攻,山田研究室
4,東京大学,工学系研究科,建築学専攻,佐久間研究室
4,東京大学,工学系研究科,建築学専攻,丸山研究室
4,東京大学,工学系研究科,建築学専攻,糸井研究室
4,東京大学,工学系研究科,建築学専攻,本間研究室
4,東京大学,工学系研究科,建築学専攻,海野研究室
4,東京大学,工学系研究科,建築学専攻,林研究室
4,東京大学,工学系研究科,建築学専攻,舘研究室
4,東京大学,工学系研究科,建築学専攻,安原研究室
4,東京大学,工学系研究科,建築学専攻,菊本研究室
4,東京大学,工学系研究科,建築学専攻,権藤研究室
4,東京大学,工学系研究科,建築学専攻,本間研究室
4,東京大学,工学系研究科,建築学専攻,田尻研究室
4,東京大学,工学系研究科,建築学専攻,松田研究室
4,東京大学,工学系研究科,建築学専攻,楠研究室
4,東京大学,工学系研究科,建築学専攻,千葉研究室
4,東京大学,工学系研究科,建築学専攻,川添研究室
4,東京大学,工学系研究科,建築学専攻,大月研究室
4,東京大学,工学系研究科,建築学専攻,野口研究室
4,東京大学,工学系研究科,建築学専攻,赤司研究室
4,東京大学,工学系研究科,建築学専攻,今井研究室
4,東京大学,工学系研究科,建築学専攻,塩原研究室
4,東京大学,工学系研究科,建築学専攻,腰原研究室
4,東京大学,工学系研究科,建築学専攻,加藤研究室
4,東京大学,工学系研究科,建築学専攻,小渕研究室
4,東京大学,工学系研究科,建築学専攻,大岡研究室
4,東京大学,工学系研究科,建築学専攻,前研究室
4,東京大学,工学系研究科,建築学専攻,伊山研究室
4,東京大学,工学系研究科,建築学専攻,藤田研究室
4,東京大学,工学系研究科,建築学専攻,松村研究室
4,東京大学,工学系研究科,建築学専攻,川口研究室
4,東京大学,工学系研究科,建築学専攻,中埜研究室
4,東京大学,工学系研究科,建築学専攻,坂本研究室
4,東京大学,工学系研究科,建築学専攻,野城研究室
4,東京大学,工学系研究科,建築学専攻,横山研究室
4,東京大学,工学系研究科,建築学専攻,纐纈研究室
4,東京大学,工学系研究科,建築学専攻,小﨑研究室
4,東京大学,工学系研究科,建築学専攻,岡部研究室
4,東京大学,工学系研究科,建築学専攻,佐藤研究室


4,東京大学,工学系研究科,都市工学専攻,都市計画研究室
4,東京大学,工学系研究科,都市工学専攻,都市デザイン研究室
4,東京大学,工学系研究科,都市工学専攻,住宅・都市解析研究室
4,東京大学,工学系研究科,都市工学専攻,都市情報・安全システム研究室
4,東京大学,工学系研究科,都市工学専攻,国際都市計画・地域計画研究室
4,東京大学,工学系研究科,都市工学専攻,都市交通研究室
4,東京大学,工学系研究科,都市工学専攻,まちづくり研究室
4,東京大学,工学系研究科,都市工学専攻,環境デザイン研究室
4,東京大学,工学系研究科,都市工学専攻,空間デザイン研究室
4,東京大学,工学系研究科,都市工学専攻,地域デザイン研究室
4,東京大学,工学系研究科,都市工学専攻,加藤孝明研究室
4,東京大学,工学系研究科,都市工学専攻,都市環境工学コース
4,東京大学,工学系研究科,都市工学専攻,都市水システム研究室
4,東京大学,工学系研究科,都市工学専攻,地域循環共生システム研究室
4,東京大学,工学系研究科,都市工学専攻,都市衛生工学研究室
4,東京大学,工学系研究科,都市工学専攻,水環境制御研究室
4,東京大学,工学系研究科,都市工学専攻,環境質リスク管理研究室
4,東京大学,工学系研究科,都市工学専攻,都市サステイナビリティ学研究室
4,東京大学,工学系研究科,都市工学専攻,社会生態システム（旧 環境微生物機能）研究室
4,東京大学,工学系研究科,都市工学専攻,下水道システムイノベーション研究室

4,東京大学,新領域創成科学研究科,物質系専攻,岡本・貴田研究室
4,東京大学,新領域創成科学研究科,物質系専攻,有馬・徳永研究室
4,東京大学,新領域創成科学研究科,物質系専攻,芝内・橋本研究室
4,東京大学,新領域創成科学研究科,物質系専攻,木村（剛）研究室
4,東京大学,新領域創成科学研究科,物質系専攻,杉本 宜昭  研究室
4,東京大学,新領域創成科学研究科,物質系専攻,伊藤 耕三研究室
4,東京大学,新領域創成科学研究科,物質系専攻,内藤・加藤研究室
4,東京大学,新領域創成科学研究科,物質系専攻,竹谷 純一 教授 ・ 岡本 敏宏 准教授・渡邉 峻一郎 准教授 研究室
4,東京大学,新領域創成科学研究科,物質系専攻,有賀 克彦 教授 研究室
4,東京大学,新領域創成科学研究科,物質系専攻,植村・細野研究室
4,東京大学,新領域創成科学研究科,物質系専攻,木村（薫）研究室
4,東京大学,新領域創成科学研究科,物質系専攻,寺嶋 和夫 教授・伊藤 剛仁 准教授 研究室
4,東京大学,新領域創成科学研究科,物質系専攻,御手洗 容子 教授・松永 哲也 講師 研究室
4,東京大学,新領域創成科学研究科,物質系専攻,佐々木 裕次 教授 研究室
4,東京大学,新領域創成科学研究科,物質系専攻,前田研究室
4,東京大学,新領域創成科学研究科,物質系専攻,森　 初果 教授 研究室
4,東京大学,新領域創成科学研究科,物質系専攻,山下 　穣 准教授 研究室
4,東京大学,新領域創成科学研究科,物質系専攻,廣井 善二 教授 研究室
4,東京大学,新領域創成科学研究科,物質系専攻,中辻研究室
4,東京大学,新領域創成科学研究科,物質系専攻,三輪 真嗣 准教授 研究室
4,東京大学,新領域創成科学研究科,物質系専攻,吉信 　淳 教授 研究室
4,東京大学,新領域創成科学研究科,物質系専攻,井上 圭一 准教授 研究室
4,東京大学,新領域創成科学研究科,物質系専攻,大谷 義近 教授 研究室
4,東京大学,新領域創成科学研究科,物質系専攻,ミック・リップマー 教授 研究室
4,東京大学,新領域創成科学研究科,物質系専攻,松田 康弘 教授 研究室
4,東京大学,新領域創成科学研究科,物質系専攻,岡﨑 浩三 准教授 研究室
4,東京大学,新領域創成科学研究科,物質系専攻,原田 慈久 教授 研究室
4,東京大学,新領域創成科学研究科,物質系専攻,益田 隆嗣 准教授 研究室
4,東京大学,新領域創成科学研究科,物質系専攻,眞弓 皓一 准教授 研究室


5,東京大学,工学系研究科,社会基盤学専攻,河川／流域環境研究室,池内幸司 教授 川崎昭如　特任教授 知花武佳　准教授 渡部哲史　特任講師 南出将志　助教,水関連災害に対する防災・減災対策などによる安全で安心できる豊かな社会の実現・水関連災害に対する防災・減災、地球温暖化に伴う気候変動等への適応策、ICT等を活用した河川管理・危機管理、良好な河川環境の保全・復元などに関する研究や教育を行う。・河川学を通じた我が国の美しい山河と風土の理解・維持・水循環と水関連分野のデータ統融合を促進する研究開発を推進するとともに、得られた科学知を体系化して教育を行うとともに社会に実装する。・水循環と水関連分野のデータ統融合による公共的利益の創出・次世代に求められる川の姿とそこでの人の関わり方を探求するための新しい河川学を樹立・普及し，我が国ひいては世界の美しい山河を守る方策を探る。,http://aqua.t.u-tokyo.ac.jp/REEL/index.html, ,http://aqua.t.u-tokyo.ac.jp/REEL/index.html
5,東京大学,工学系研究科,社会基盤学専攻,Geotechnical Engineering Lab,unkown,地盤工学とは、宇宙空間等に移住しない限りは人間の生活から切り離すことができない足元の地盤を対象として、主に物理学（特に力学）・化学・地学・数学の知見と、場合によっては生物学・地理学等の知見も活用して、問題解決に取り組む学問体系です。同じ地盤を対象とした学問体系として、理学分野に地質学があります。対象領域や時間スケールをおおまかに区分すると地盤工学との境界領域として応用地質学もあります。例えば、地震時などに砂地盤が液体状になる「液状化」という現象があり、各種構造物が下記に示すような被害を受けてきました。日本では1964年の新潟地震以降、30年以上も研究が進められてきましたが、2011年の東日本大震災では未曾有の範囲と規模で住宅地被害が発生するなど、十分な対策は必ずしも実施されていないのが現状です。地盤工学の特徴は、対象とする地盤に未知・未解明な領域が多数残っていることです。その意味では、（よくわかっていない）人間の体を対象とする医学の世界と類似しています。地盤技術者の仕事を医師と対比すると下記のようになりますが、経験を多く積むほど面白さが増してきます。土質/地盤研では、下記のうち土質試験に力を入れています。事前に調べる（健康診断）⇒ 地盤調査・土質試験壊れたり変形しないように対策する（予防注射） ⇒地盤改良・補強・不具合が生じたら修復する（治療・手術）⇒現地計測・逆解析・土質/地盤研では、一人の学生・研究員が各1台ずつ装置の使い方を学んで、他では実施することができないような高精度で複雑な土質試験に取り組んでいます。一方で、振動台実験で模型地盤を作製する際などには、共同作業することもあります。これらの試験や実験を行うための装置や器具の多くは特注品で世界に一台しか存在しないものもあります。,http://geotle.t.u-tokyo.ac.jp/, ,http://geotle.t.u-tokyo.ac.jp/
5,東京大学,工学系研究科,社会基盤学専攻,沖研究室(Global Hydrology and Water Resource Engineering),"教授 沖大幹 教授	芳村圭 特任教授	沖一雄 准教授	山崎大 特任准教授	 Hyungjun KIM	特任准教授	 木口雅司	　特任准教授	 吉兼隆生","■ 教育的使命
世界最先端の研究開発を通じて、教育、人材育成、能力開発に貢献する。
未知の問題に立ち向かう問題解決能力のスキル
コミュニケーション＆プレゼンテーション能力
リーダーシップ、チームワーク、自己コントロール
優秀な学生の邪魔をせずチャンスを与える。
研究リソース：人材、スペース、計算機、実験測器
国際枠組みへの参加、国際的な場での研究発表
IPCC, MA, WCRP/GEWEX, GSWP, GLASS, GWSP, ...
現地を見る目、数値、図表を見る鑑定眼の養成
素人には見えないものが見える専門家の目
■ 社会的使命
水に関する学問の継承と社会への普及をする。
河川水文学、地球規模水循環システム科学、世界ならびに日本の水問題解決に関する研究を継承し、次世代に伝える。（＋千年持続学、地球環境学）
水に関するリテラシーの向上に努める。
合理的な考え方の普及：出版、Web、マスメディア、…
ガンダムエースからサイエンス（＋日経サイエンス）まで。
迷信、誤謬の払拭、冷静で普通とは違う視点の提供。
水分野における国と世界の研究開発を支援する。
研究施策立案：総合科学技術会議、学術調査官、…
第3期科学技術基本計画、人文社会科学振興プロジェクト、…
研究評価：審査・審議、国際プロジェクト科学パネル、…
■ 学術研究的使命
研究開発を通じて社会へ貢献する。
地球規模、日本を含むアジアモンスーン地域の水循環とその変動について、観測調査、解析、理解、数理モデル化、予測システム構築に関わる手法の開発と実践を行い、よりよい水循環管理を実現。
長い目でみて有用・有意義な研究をする。わくわくするような研究をする。捏造が疑われるほどの画期的な成果をあげる。新たな学問体系の構築に資する。研究に真摯に立ち向かう姿勢を学生に示す。",http://hydro.iis.u-tokyo.ac.jp/indexJ.html,水質監視，大陸河川の洪水，豪雨と土石流，UAVと農業，アジアモンスーンの年々変動，食糧と灌漑，グローバルな水循環・水質予測，地球環境変化と水資源，地域気候に対する人間活動の影響，待機・海洋・陸面相互作用,http://hydro.iis.u-tokyo.ac.jp/indexJ.html
5,東京大学,工学系研究科,社会基盤学専攻,福田研究室（交通行動分析，社会経済分析，国際都市戦略）,教授 福田大輔,"当研究室では，ヒトやモノの""モビリティ""とそれらの集積がもたらす""社会システム""の在り方について，主に解析的・行動科学的な方法論を下敷きとした理論・実践研究に取り組んでいます．「国土・都市・交通システムと人との関わり」，「良い社会を築くためのシステム設計と評価」，「人間そのもの」に関心がある人を歓迎します．交通・国土・都市・経済等の関わりについて，少しづつで良いので基礎的なことから皆さんと一緒に理解を深め，現実の政策課題解決のための研究に高められればと思っています．

具体的な研究テーマとしては，(1) 旅行時間信頼性の経済評価と運用，(2) 自動車保有と利用に関する計量経済学的分析，(3) 歩行者挙動の計量経済モデルと効率的なデータ獲得アルゴリズムの開発，(4) 不確実性下での最適な経路誘導アルゴリズム，(5) 都市鉄道遅延の数理的研究，(6) ビッグデータ時代の交通調査と需要予測モデルなどが挙げられます．ややテーマが発散気味の感も否めませんが，教員の興味の幅広さと好意的に解釈して頂ければ幸いです．


研究室の主な活動は週一回の学生主体の論文進捗報告のゼミです．東工大学の土木・環境工学系では，卒業論文，修士論文，博士論文等の学内発表を英語で行っており，その練習を兼ねて資料はすべて英語で作成する（説明もできれば英語で行う）ことを学生に課しています．なお，懇親会等は随時行っており，そのほとんどは，研究室から徒歩10分もあれば行ける自由が丘エリアで行われています．

元気で熱意のある学生さんは随時募集していますので，気軽にお問い合わせいただければ幸いです．",http://fukudalab.jpn.org/,,http://fukudalab.jpn.org/
5,東京大学,工学系研究科,社会基盤学専攻,マネジメントグループ,特任教授 小澤一雅 教授　堀田昌英 特任准教授 全 邦釘 助教 鈴木貴大,マネジメントグループは社会基盤の施設や組織をいかに管理・運営していくかという課題に取り組んでいます。インフラの整備に関わる規制や事業執行の仕組みをあるべき姿にし、分野間の古い垣根を取り払って未来のインフラビジネスの担い手を育てることが私たちの使命です。組織設計、人的資源管理、知識活用、意思決定などマネジメントの諸活動を自ら実践して考える練習場を提供します。,https://ken-mgt.t.u-tokyo.ac.jp/,,https://ken-mgt.t.u-tokyo.ac.jp/
5,東京大学,工学系研究科,社会基盤学専攻,都市生活学・ネットワーク行動学研究グループ,"教授　羽藤英二 （博士）　
特定教授　井料隆雅（博士）
講師　浦田淳司（博士）
特任助教　萩原拓也（博士）
准教授　原祐輔（博士）
准教授　大山雄己（博士）
特別研究員	　柴田純花
特任研究員	　児玉千絵（博士）
特任研究員	　芝原貴史
特任研究員　北原麻理奈（博士）
特定講師　三谷卓磨（博士）
助教　四戸秀和
学術専門職員　力村真由
","・BinN Studies Unitについて

BinN Studies Unit (BinN:Behavior in Networks)は，2006年東京大学に羽藤が赴任したことを契機に14号館で発足した都市生活学研究室を母体とする研究グループです．現在は都市工学専攻，社会基盤学専攻，復興デザイン研究体の学生さんや様々な企業，国内外の大学研究者・エンジニア・建築家や都市計画家と連携しながら，都市生活学とネットワーク行動学に関する理論研究を中心に都市サービスの実装と国土・地域計画や都市空間計画と都市設計，モビリティデザインの実践に取り組んでいます．

私たちの研究グループでは明快な理論を下敷きにした現象理解と実装を重視しています．理論については，統計や線形代数を下敷きにした確率的な意思決定モデルや離散最適化問題を，ネットワーク解析については均衡配分やシミュレーションを，またミクロ経済学を下敷きにしたゲーム理論や確率過程などを合宿輪講等を通じて勉強しています．実装については，プログラミング言語を限定しませんが，PerlやSchemeよりもオブジェクト指向な言語の入門として適したJavaの修得を推奨しています．

矢鱈大げさに自分がやっていることを社会の中で重要だと言ってみたり，わかっていないのにわかったようなことはいうのはどうかと思います．乱暴な理解でなんでもいいからことを進めるよりも，都市と移動と生活や経済，地理の関係について，すこしづつでもいいので自分たちの手を動かしながら理解の範囲を丁寧に広げていけたらと思っています．

好奇心旺盛でまだ新しい研究グループです．本郷にお越しの際はお気軽に工学部1号館の3階の羽藤の居室にお立ち寄りください．研究の話をいろいろできたらとてもうれしく思います．

・主な研究テーマ
ネットワークの階層構造がもたらす行動の確率的な諸相とその相互関係に強い関心を持っています．理論的手法論とデータ指向な手法論を使って研究に取り組んでいます．ネットワーク分析については，特に「経路選択モデル」が好きです．確率的な選択肢集合の認知メカニズムやその学習過程，進化学習理論を援用したプライシングやインセンティブのデザイン，n-GEVモデルとブラエスのパラドクスの関係性など，（一筋縄ではいきませんが）インプリケーションが豊富で計算アルゴリズムの実装にまだなお多くの課題が残るこうしたテーマに取り組んでいくことをとてもおもしろいと感じています．また物理的なネットワーク研究に加え，紐帯とよばれるソーシャルネットワークの生成過程についてKolmogorov方程式を使ったような理論的な研究も進めています．

行動分析では，歩行者とさまざまな種類の車両といったように複数の意思決定主体が互いに関連しあうような多体意思決定問題に関心があります．さらに時間軸上で繰り返される行動の確率的な変動を超長期的な枠組みでモデル表現したり，空間認知と行動継起のメカニズムの解明にも興味があります．

従来，こうした研究テーマは，観測が難しく計算負荷も高いことからモデルの仮定の範囲外だとされ，明確に取り扱われてきませんでした．われわれの研究室では，自ら観測技術を開発し現実的な計算アルゴリズムを実装することで，こうした問題の前段階からまず先に解決しようとしています．

特に観測面については，さまざまなウエアラブルセンサーを用いたプローブパーソン技術について独自の研究を進めています．ＧＰＳ携帯電話とウエブダイアリーを用いたプローブパーソン技術については，松山都市圏や沖縄都市圏のＰＴ調査に適用されるなど，実務的にも大きな広がりをみせつつあります．従来のアンケート調査にくらべると，観測分解能を格段に向上させ，スケールの細かな歩行や自転車などのトリップをより正確に観測できることが様々な研究成果から明らかになってきています．加速度や音，気圧などの複数のセンサーを筐体の中に組み込むことで，被験者がなんの作業もなしに超長期にわたって行動を観測することが可能なBCALSの開発も試みています．すこし大げさかもしれませんが，こうした技術開発により，ネットワーク上の行動分析の新たなパラダイムを模索しています．

・応用研究
演繹的なシミュレーションと帰納的なデータ化技術の双方について一見するとかなり細かい研究を行っているように見えるかもしれません．私たちの研究室では，これらの技術を多量高精度な理論-技術体系として再構築することを目指しています．（そのために）その上で，具体的なフィールドを設定し，都市計画や交通計画における実際の問題に取り組み，モビリティをデザインすることで，そこで起こっている問題を解決することも指向しています．

実際に手を動かして図面をひき，模型をつくって空間設計を行うこと，その場所に適した空間情報サービスを実装してみること，多面的なシミュレーション計算を行いその町にあったモビリティプランを作成すること，その計画やデザインをもってユーザーと向き合うことを重視しています．

Spatial-Behevioral Graph APIと検索エンジンの実装や，見える化を基本にしたポータブル交通管制システムの実装，交通環境ポイントのインセンティブ設計や電気自動車やマイクロモビリティを使ったエリアマネジメント，実際の都市におけるミクロ-メゾ-マクロなスケールのスーパーシミュレーションの実装に取り組んでいます．
",http://bin.t.u-tokyo.ac.jp/member.php,都市計画・交通計画，交通工学，交通流，復興・地域デザイン，行動モデル，都市設計，都市形成史，基盤計画，スマートシティ，自動走行，最適設計，ランドスケープデザイン，建築,http://bin.t.u-tokyo.ac.jp/member.php
5,東京大学,工学系研究科,社会基盤学専攻,海岸・沿岸環境研究室,"教授　田島芳満
特定客員教授　加藤史訓
准教授　下園武範
助教　山中悠資
研究員　宮副裕子
研究員　Lilei Mao
名誉教授　本間仁
名誉教授　堀川清司
名誉教授　渡辺晃
名誉教授　磯部雅彦
名誉教授　佐藤愼司","我が国において海岸線に接する市町村の総面積は32%に過ぎないが，人口では 46%，工業出荷額では47%，商業販売額では77%を占める重要な地域である． 1950年代の海岸では特に高潮災害が著しく，また希とは言い難い頻度で津波災害も被っており，さらに海岸侵食の問題が最近ますます深刻化していて，これに対する防災体制の確立が不可欠である．また，海岸が有する様々な特性・資源を，産業，エネルギー，生活，レクリエーションなどに利用することにより，社会の発展に貢献することができる．さらに海岸は，陸域と海域との遷移領域であるために，生態系，自然環境の上で代替不可能な空間であると同時に，脆弱な空間でもあるので，この領域の生態系，自然環境の維持は重要かつ困難な課題となっている．海岸・沿岸環境研究室では，このような海岸の防災，利用，生態に関わる課題について研究に取り組み，その成果を社会に還元してきた．

このような海岸の諸課題の解決においてまず必要となるのは,外力としての波，流れなどの理解である．そして，その結果として引き起こされる漂砂・海浜地形変化，構造物に対する波力などが続く問題となる．さらに，内湾の水質問題や，最近では生態系の問題に対しても，波・流れ，地形・底質，および構造物が，生態系の基盤となる物理的環境を規定するという観点からのアプローチにより，水質，生態系の保全に寄与することができる．海岸・沿岸環境研究室における研究は，このような理解に立って，海岸過程の諸要素とそのシステムの解明・制御を目指している．

海岸研究室では、より上質な海岸沿岸域環境の創出を目指し、以下のようなテーマに着目しながら研究を行なっています。 これらのテーマを考えるために、現地観測・実験・数値計算などの 手法を組み合わせて総合的な研究を行なっています。

海岸の波・流れの解明
構造物の性能や環境に与える影響の解明
漂砂機構の解明による海岸侵食の対策
津波・高潮等の災害対策",http://coastal.t.u-tokyo.ac.jp/member_staff/tajima/,波・流れ，構造物，漂砂,http://coastal.t.u-tokyo.ac.jp/member_staff/tajima/
5,東京大学,工学系研究科,社会基盤学専攻,地域/情報研究室,教授　布施孝志,"地域/情報研究室は、空間情報学という学問領域を発展させ、これを国土・地域・都市の政策・計画プロセスに利活用していくための多様な研究テーマに取り組んでいます。空間情報とは、地図や空中写真、衛星画像、統計データなど、時空間的に広がる国土・地域・都市の実態を要領よく理解し、また、これを多くの人々が知識として共有するための情報という意味です。まさに、われわれの生活、経済活動を根底で支える社会基盤(インフラ)としての情報です。

高度情報社会の進展に伴い、空間情報を取り巻く状況は変化し続けています。通信技術の進展やモバイル端末の普及が進み、地理情報システム(GIS)や画像処理、GPS、リモートセンシング、レーザー計測などの空間情報技術、サーベイランスの進展と普及も著しいものがあります。位置情報を半ば自動に取得し、効率よく管理できるようになりました。統計や地図のデータも多くが数値化され、これらが無料もしくは安価に入手可能になりました。

空間的あるいは時間的に拡大・精細化が進む多様な情報を、時空間の位置情報に基づきまとめあげることができます。これにより、実空間と結びついた計画論への展開が可能になります。そして、情報を組み合わせて多様な方法で分析、表現することにより、多くの人々と共有できます。シミュレーションなどの技術を融合すれば、いっそうの分析の高度化も期待できます。このような分析のためには、統計学や歴史学などの確固たる方法論が基礎となります。

このように、国土・地域・都市の歴史や現状、そして未来の姿・あるべき姿を、従来の発想に囚われない新しい視点から捉え直し、解釈・議論をしていくための情報環境が整いつつあります。空間情報学は、空間情報の整備、管理、表現、解析、利活用に関わる、文理融合、学際的な研究領域です。私たちは、この空間情報学を国土・地域・都市計画のための問題意識の醸成、建設的な議論と合意形成、そして政策的な意思決定に活かす新機軸として位置づけたいと思っています。

◯多様なデータの統合
センシング技術の発展により、様々な観測データが入手できるようになってきました。そのため、単一データからの分析ではなく、多様なデータを統合した分析が重要になってきています。例えば、モバイル端末から、画像のみならず、位置情報、距離情報、角度情報などを組み合わせて、対象空間を計測する手法開発などを行っています。さらには、多種の計測情報を統合分析する方法論の開発も行っています。
近年のセンシング技術とシミュレーション技術の発展には著しいものがあります。データだけから得られない知見を、シミュレーションとともに分析することにより、新たな発見が期待できます。このように、データとシミュレーションを統合し、時空間モニタリングに応用するための研究を行っています。例えば、人の動きを予測するモデルと、人の位置を観測したデータとの両者を同時に利用することによって、これまでにない計画の可能性がひらかれると考えています。

◯データ生成機構の構造推定と可視化
センシング技術の進展に伴って、実社会で起きている現象を多種多様なデータとして観測できるようになりました。しかしながら、データを観測しただけでは、なぜその現象が生じているのか、また、なぜそのデータが発生したかは分かりません。そこで、実現象やデータが生じる仕組みを、観測したデータを手がかりに解明するための研究に取り組んでいます。また、その仕組みを分かりやすく可視化する方法についても検討を行います。",http://planner.t.u-tokyo.ac.jp/news,社会基盤情報学，画像解析，地域・交通分析，人の動線解析，道路基盤情報，GIS,http://planner.t.u-tokyo.ac.jp/news
5,東京大学,工学系研究科,社会基盤学専攻,Computational Science and High Performance Computing Laboratory,"教授　堀宗朗
教授　市村強
准教授　Laith Maddegedara
准教授　藤田航平","研究内容
本研究室では地震工学をはじめとした社会基盤学、また、固体地球科学、地震学に関する問題を物理的・社会経済的な観点から解くための計算科学・高性能計算手法の開発と応用に関する研究を行っています。 最先端の計算科学的アプローチを創造・活用しながら、現実空間と仮想空間をスーパーコンピュータを始めとした計算機システム上で融合する新たな計算科学の創生を目指します。 また、従来からの物理シミュレーションに対して、人工知能アプローチを取り入れることで物理シミュレーションの高度化を図る研究も実施しています。 国際的に認められる先端研究を目指し、国内外問わず関連分野の研究機関や計算機ベンダーと共同研究を行っています。

物理シミュレーション
・京コンピュータを活用した大規模有限要素都市地震シミュレーション （富士通、理化学研究所との共同研究）[SC'14, SC'15 ゴードンベル賞ファイナリスト]
・京コンピュータを活用した超大規模地殻変動解析 [SC'16 Best Poster]
・スーパーコンピュータ富岳を活用した超高速地震シミュレーション （理化学研究所との共同研究） [SC'20]
・高速かつロバストなメッシュ生成手法の開発 [HPC Asia 2018 Best Paper]

物理シミュレーションと人工知能の融合研究
・人工知能の活用を活用した地震被害推定手法の開発 (理化学研究所との共同研究) [SC'17 Best Poster]
・人工知能を活用した高速シミュレーションアルゴリズムによる、地盤・地上構造物・地下構造物の連成シミュレーション（NVIDIA、オークリッジ国立研究所、スイス国立スーパーコンピューティングセンター、東京大学情報基盤センターとの共同研究） [SC'18 ゴードンベル賞ファイナリスト]

社会・経済シミュレーション
・ライフライン復旧計画最適化のためのシミュレーターの開発
・マルチエージェントモデルに基づく、災害時の全国規模の大規模ミクロ経済シミュレーション

物理シミュレーションと社会・経済シミュレーションの統合",https://www.eri.u-tokyo.ac.jp/cshpc/,社会基盤学の非線形解法，計算地震工学，情報計算科学の基礎,https://www.eri.u-tokyo.ac.jp/cshpc/
5,東京大学,工学系研究科,社会基盤学専攻,橋梁・風工学研究室,"教授　石原孟
准教授　長山智則
特任准教授　山口敦
特任准教授　SU Di
特任講師　菊池由佳
特任助教　Qian Guowei
特任助教　Wang Lilin","1.1.　地震時の極限性能評価
橋梁は交通ネットワークの根幹で，地震によりその機能に支障が出れば，都市全体が麻痺し甚大な経済的損失が発生します．過去の地震においても，兵庫県南部地震では隣接桁との衝突により落橋し，交通に支障をきたしました．


これまで衝突を扱った研究は数多く為されていますがシミュレーション，解析的検討が多数を占める中で，当研究室では早くから実験や実測に基づく橋梁全体系の地震応答の分析を行ってきました．多数の部材から成り挙動が複雑な橋梁は自由度を上げたり，非線形性を導入したりするだけでは現象を再現することは困難です．実現象とモデルとの整合性を確認しながらモデルを精緻化する必要があります．しかしながら，未だに観測データが限られており，実測応答をベースに詳細に議論している研究は世界的にも皆無といえます．1994年のNorthridge地震でもThomas Vincent吊橋で同じような衝突が観測されていますが，観測点が少なく，衝突現象を分析する上で十分なデータではありません．


一方で，2011年3月11日に発生した東北地方太平洋沖地震では，横浜ベイブリッジで高密度地震観測による貴重な記録が得られました．橋軸直角方向の変位を拘束するウインド沓とウインドタングの間で衝突が生じており，大規模な損傷には至っていないものの，タワーリンクのボルトが破断するという被害も発生しました．将来発生し得る大規模な地震に備えるために，観測された衝突現象を詳細に分析しています．ケーブルや主塔，トラス部材をモデル化した骨組みモデルと，局所的な変形や挙動を詳細に再現できる有限要素モデルを組み合わせたマルチスケールモデルを構築して，衝突を考慮した非線形地震応答解析によりレベル2地震時のウインド沓-ウインドタング間の衝突力を評価し，長大橋の地震時極限性能を評価することに取り組んでいます．

1.2.　電車線柱等付属構造物の耐震性能評価
東北地方太平洋沖地震において，新幹線高架橋上のPC（プレストレストコンクリート）製電車線柱が広域にわたり多数傾斜・折損しました．高架橋本体の損傷は軽微であった一方，電車線柱の復旧に時間を要したため運転再開が遅れました．電車線柱には近年になって耐震設計が導入されましたが，新幹線の迅速な復旧および電車線柱の走行車両への衝突による二次災害防止に向けて対策することが急務です．


そこで，橋梁研究室では新幹線高架橋上のPC製電車線柱の耐震性能を連成系地震応答解析により精度よく評価した上で有効な対策案を検討しています．モデルの構築では，高架橋と電車線柱，高架橋と高架橋，電車線柱と電車線柱の連成を考慮できるように，電車線柱を上下線に各1本建植した高架橋ブロックを桁で4ブロック結合し，さらに隣接する電車線柱を電車線・電線で繋いだ三次元連成系骨組みモデルを構築しました．各要素のパラメータは設計基準に加えて，実橋梁の振動計測結果や実物大電車線柱振動台実験のデータから同定しています．このモデルを使ってさまざまな地震を入力し，地震特性により電車線柱の被害の状況がどのように変わるのか検討しています．


さらに既存の電車線柱の対策として，たとえばTMD（Tuned Mass Damper）を電車線柱天端部に取り付けることで制震により被害を軽減する方法を提案しています．TMDについては電車線柱の塑性化を考慮した最適設計をすることで，対象としたすべての地震動においてさまざまある電車線柱の基礎形式によらず同じ規格のTMDで効果が大きく，変位制御と損傷制御が両立できることを示しました．軌道からの設置が可能と考えられるTMDは，経済性や施工性についても優位性があると考えています．このような検討結果をもとに鉄道管理会社へ対策技術の提案をしています．
特に，産業インフラである製鉄所のベルトコンベア支持構造物は腐食による耐荷性能の低下が著しく，その効果的な評価方法が必要とされています．遠隔から音響加振により局部振動を励起し，レーザードップラー速度計を利用して遠隔から計測する，遠隔評価手法も開発しています．音響加振により特定の局部振動が励起し，観測できることをシミュレーションや実測を通して確認しています．

1.4.　耐火性能評価
橋梁における火災は，その発生頻度の低さから建築分野に比べると対策が確立されていませんでした．今まで橋梁火災による大きな人的被害が存在しないため事後対策が中心でしたが，2008 年首都高速5号池袋線でのタンクローリーの横転炎上事故のように大きな交通被害が生じた事例もあり，経済損失や緊急車両の交通確保といった観点から事前対策も必要です．また事後対策に関しても，2015年に日本初の評価指標となる「火災を受けた鋼橋の診断補修ガイドライン」が制定されましたが，対象の橋梁の種類が限られているなど不十分な点があります．そこで，適切な事前，事後対策を可能にするために火災による被害の大きな場所を特定することが重要です．


これらの背景から当研究室は，重要な橋梁では火災による被害を事前に防がなければならない一方で経済的観点から1つの橋梁全体を補強することは現実的でないという背景を受けて，様々な種類の橋梁に関して耐火性能を評価することによって，火災時に特に危険とされ対策の優先度が高い橋梁構造を特定することを取り組みでいます．まず鋼橋の普遍的・初歩的な耐火性能評価を目的として，火災の規模に応じてLv1,Lv2火災として基準を設け，火災時の部材の温度を基準となる温度と比較することで，現場で利用簡単な性能不十分な場所を高さのを用いて明らかにしました．詳細な構造的評価が行えれば，より妥当な高さが特定できることに加え，鋼橋部材レベルの評価方法に止まらず，橋梁構造の耐火安全性向上が必要とわかった場所に部分的な対策のみ行うことができます．また，部材間の応力再分配の影響を考慮することで，リダンダンシーを考慮した危険な場所の中で優先度をつけることや基準温度をより高く設定することが可能となります．",http://www.bridge.t.u-tokyo.ac.jp/monitoring/index.html,構造物の性能評価，モニタリング，耐風工学，風力エネルギー,http://www.bridge.t.u-tokyo.ac.jp/monitoring/index.html

5,東京大学,工学系研究科,建築学専攻,三谷研究室,教授　三谷徹,ランドスケープ・デザインに関する空間論、形態論を専門としています。建築意匠学にも必要な、ランドスケープに関する一般的な知識と設計技術を伝えるとともに、大学院ではより専門的に、ランドスケープにおける「かたち」のあり方や意味について考え、自然生態や地勢の理解に基づく、ランドスケープに特有な現象的な空間デザインの技術を磨いていきます。設計演習を通して、実践的にランドスケープの設計を学ぶ研究室です。,,ランドスケープのモダニズム，庭園デザイン史，風景文化遺産，土地再生デザイン，環境アート，都市空間　インフラ空間，河川，海浜，森林，公園，庭,https://arch.t.u-tokyo.ac.jp/professors/professor/mitani/
5,東京大学,工学系研究科,建築学専攻,山田研究室,教授　山田哲,"専門は、鉄骨構造、耐震工学、免震構造、制振構造。
鉄骨構造および耐震工学に関わる、実験および解析による研究を幅広く行ってきた。併せて、鋼材を活用した免震構造や制振構造に関わる研究も行ってきた。具体的な研究テーマとしては
(1)　鋼材および鋼部材の履歴挙動と繰り返し変形性能評価
(2)　柱梁接合部や柱脚など、鉄骨造建物における接合部の性能評価
(3)　大地震時にも鉄骨造建物の機能維持を実現する技術の開発
(4)　複数の大地震を想定した鉄骨造建物の耐震性能評価
(5)　水平2方向荷重を受ける免震装置の性能評価
などを行っている。"	,http://stahl.arch.t.u-tokyo.ac.jp/index-j.html,,https://arch.t.u-tokyo.ac.jp/professors/professor/professor-3566/
5,東京大学,工学系研究科,建築学専攻,佐久間研究室,教授　佐久間哲哉,建築・都市空間の居住環境、特に音環境を中心として、そのあり方、予測・評価手法、設計・制御技術について研究を行っている。音環境に関しては、建築音響、騒音・振動、コミュニケーション、サウンドスケープなどの問題を、物理と心理・生理の基礎的な側面から社会的・文化的な側面までを視野に入れて捉えることにより、真に望ましい音環境づくりを目指している。さらに、居住環境の総合的な評価と居住者の意識と行動の把握を通して、快適性・健康性・安全性・利便性・持続性の観点から、将来の居住環境とライフスタイルのあり方を探っている。,http://www.env-acoust.t.u-tokyo.ac.jp/,音環境，建築音響，騒音制御，居住環境,https://arch.t.u-tokyo.ac.jp/professors/professor/sakuma/
5,東京大学,工学系研究科,建築学専攻,丸山研究室,教授　丸山一平,専門は建築/建設材料・セメント化学・コンクリート工学・応用地質・保全工学など。極限環境材料開発（放射線，宇宙，海洋，他），セメント系材料の時間依存性挙動，マルチスケールライフスパンRC構造解析，内外装材開発，天然無機材料利用，化石生成要因の解明とその工学的応用，オーセンティシティを考慮した歴史的構造物の保全，重要構造物のマネジメント，などを研究テーマとしています。他分野との共同による現象の解明とその応用を中心として研究をすすめています。,,建築/建設材料，セメント化学，コンクリート工学・応用地質，保全工学,https://arch.t.u-tokyo.ac.jp/professors/professor/activity-3252/
5,東京大学,工学系研究科,建築学専攻,糸井研究室,准教授　糸井達哉,"地震をはじめとする自然現象に対する建築物および建築物を含む都市の安全性に関する設計・評価技術に関わる以下のような研究を行っています。
・確率論的地震ハザード／リスク評価
・性能設計法
・荷重・外力の確率論的評価
自然災害軽減や建築物の性能を議論するには、社会文化的な観点から理解することも重要です。そのような観点からリスク学やレジリエンス工学に関する研究も実施しています。",http://risk.arch.t.u-tokyo.ac.jp/,確率論，地震ハザード，地震リスク評価，性能設計，荷重・外力の確率論的評価,https://arch.t.u-tokyo.ac.jp/professors/associate-professor/activity-3229/
5,東京大学,工学系研究科,建築学専攻,本間研究室,准教授　本間健太郎,"私たちの研究室は、建築計画・都市計画における「デザインとエンジニアリングの融合」を目指しています。
この大局的なゴールに向かうために、近年は主に以下の研究を行っています。
(1) 建築・都市デザインのための新たな空間解析手法の開発
(2) 開発した空間解析手法に基づく建築・都市空間の新たなデザイン
(3) 大規模な位置情報データを用いた都市解析
(4) 選択行動モデルをベースとした施設配置と都市発展についての理論研究
(5) 「価値創造デザイン」の活動",http://hnm.iis.u-tokyo.ac.jp/,都市デザイン，都市解析，価値創造デザイン,https://arch.t.u-tokyo.ac.jp/professors/associate-professor/kentarohonma/
5,東京大学,工学系研究科,建築学専攻,海野研究室,准教授　海野聡,"専門は日本建築史・文化財保存。
海野研究室では現存する建築や文献史料・発掘遺構をもとに、日本の建築の歴史を研究しています。現代は過去の歴史の積層の上に成り立っており、現代の建築も時間軸の呪縛からは逃れられません。それゆえ過去を知る歴史研究は過去の事象をひも解くだけではなく、建築に過去、現代、未来という時間軸を付与する足掛かりとなるでしょう。
建築そのものだけではなく、それを取り巻く社会に目を向けることで、歴史の中でどのように造られてきたか、そしてどのような意味を建物が持ってきたかも解き明かすことができるのが建築史という学問であると考えています。
また日本は世界的にもまれな木造建築遺産に恵まれた国です。これらの日本建築は東アジアの影響を少なからず受けており、対外交流史的な観点から技術や技術者の移動、さらには技術伝播の方法の解明に取り組んでいます。
そして現存する古建築は過去の人々の不断の努力によって、現代まで紡がれてきたことを忘れてはいけません。これらの過去のメンテナンスの技術や体制を解き明かしつつ、我々自身も木造建築を中心とする古建築の実測調査や価値評価し、文化財・文化遺産として後世に残していき、活用していく必要があると考えています。そして木造建築の保存・修理に関する国際的な枠組み作りや情報共有も行っています。
現在の当研究室の主なテーマは下記のとおりです。
・古代日本と東アジアの建築技術の伝播
・古代日本の中央と地方の建築技術の伝播
・建築メンテナンスの歴史
・建物の復元と復古
・木造建造物の保存・修理に関する国際的枠組み",http://www.history.arch.t.u-tokyo.ac.jp/unno/index.html,日本建築史，文化財保存/修理,https://arch.t.u-tokyo.ac.jp/professors/associate-professor/activity-3019/
5,東京大学,工学系研究科,建築学専攻,林研究室,准教授　林憲吾,"専門は建築史、都市史、環境学。歴史の役割は、過去を考究しながら現在の前提を問い直し、次の時代の思考の基盤をつくることにあると考えます。私自身は主にアジアの都市を対象に、異なる気候風土や社会経済の下で、人類は都市にいかに住んできたかを研究しています。近現代の急激な都市拡大は、地球環境や社会経済に関するさまざまな問題を引き起こしてきましたが、それに対してこれからの都市はどうありうるかを、歴史的視座から問い続けています。

研究トピック：
―グローバル都市居住空間史
―アジア近現代建築遺産の保全
―都市の持続可能性指標の開発"	,,建築史，都市史，環境学,https://arch.t.u-tokyo.ac.jp/professors/associate-professor/activity-3015/
5,東京大学,工学系研究科,建築学専攻,舘研究室,准教授　舘 知宏,"専門は、構造形態学、コンピュテーショナルデザイン。
研究室のテーマは、立体形状と構造機能の関係を幾何学と計算手法の観点から明らかにし、展開構造物や特殊な機能性を持つセル構造などを実現することです。
特に「折紙」が主要なテーマで、平坦でコンパクトな状態と立体的で剛性の高い状態とを繰り返し変形できる仮設建築物や、形を変えることで熱・光・音響などの環境コントロールを行えるデバイスなどの応用が考えらえます。

研究トピック：
– 折紙工学
– 計算折紙
– 自己組み立て・自己折り
– 構造形態学
– 展開構造
– コンピュテーショナルデザインとファブリケーション",http://origami.c.u-tokyo.ac.jp,構造形態学，コンピューテーショナルデザイン，折紙工学，計算折紙，自己組み立て/自己折り，展開構造，ファブリケーション,https://arch.t.u-tokyo.ac.jp/professors/associate-professor/tachi/
5,東京大学,工学系研究科,建築学専攻,安原研究室,准教授　安原幹,"専門は建築意匠・建築設計。建築設計の役割は、単に形態をデザインすることではありません。建築家には、社会の諸制度、都市空間の仕組み、構造・環境技術、などとの関わり合いの中から、社会の新しい要求に対応し、あるいは社会の変化自体を促進していくような新しい建築空間を構想・提案していくことが求められています。本研究室では、地域社会や現実の設計プロジェクトなどとの関わりの中から、そうした新しい空間のイメージや、設計手法を開発していくことを目指します。
下記は研究テーマの例です。
・近現代建築の中に含まれる建築的パブリックスペースに関する研究
・現代木造建築の空間論的研究
・建築(集合住宅など)におけるユニットと、その集合形式に関する研究",http://salhaus.com/,建築意匠，建築設計,https://arch.t.u-tokyo.ac.jp/professors/associate-professor/yasuhara/
5,東京大学,工学系研究科,建築学専攻,菊本研究室,准教授　菊本英紀,複雑系としての都市・建築環境を理解、予測、制御することを目的とした研究を行っています。主な研究対象は、風・空気・熱環境です。そのため、各環境要素のモニタリングおよびシミュレーション技術を開発しています。また、数理・統計的手法によって計測と予測技術を統合した環境制御技術を研究しています。現在の主な研究テーマは、(1)環境中の流体現象の解明、(2)空気汚染物質の拡散現象のモデリング、(3)都市環境のモニタリング手法の開発、(4)環境パラメータの逆解析手法の開発です。,,風，空気，熱環境,https://arch.t.u-tokyo.ac.jp/professors/associate-professor/hideki-kikumoto/
5,東京大学,工学系研究科,建築学専攻,権藤研究室,准教授　権藤 智之,"専門は建築生産、建築構法。
建築をどのようにつくるかがテーマで、そこには誰がつくるか、何を使ってつくるか、どのように組み立てるか、などが含まれます。
木造が増えれば大工が増え、大工が減れば木造も減るように、生産と構法の間に特に興味があります。
職人不足、国際化といった環境の変化の中で、今後どのように建築をつくるべきか考えています。",http://park.itc.u-tokyo.ac.jp/arch-management/index.html,建築生産，建築構法,https://arch.t.u-tokyo.ac.jp/professors/associate-professor/gondo-tomoyuki/
5,東京大学,工学系研究科,建築学専攻,本間研究室,准教授　本間 裕大,"専門は、建築・都市計画、社会システム、数理モデリング。

建築・都市を定量化するための道具として数理モデリングを用い、より良い建築・都市計画へと結びつけるための可能性を探求しています。さまざまな人々によるさまざまな行為、すなわち「人間模様」の本質を見つめ、建築⇔都市を繋ぐシームレスな設計へ展開することを試みています。近年における研究テーマの一例は、次の通りです：

– 視認の非対称性を考慮した鑑賞者の位置と総数による展示空間の数理的評価
– 凸空間の列挙による建築内部空間の形態分析
– 歩行者と自動車が共存する歴史的街並み実現のための交通政策シミュレーション
– 交通・物流・交流・防災拠点としての「道の駅」の多目的最適配置"	,http://www.honma-lab.iis.u-tokyo.ac.jp/,建築・都市計画，社会システム，数理モデリング,https://arch.t.u-tokyo.ac.jp/professors/associate-professor/activity-1176/
5,東京大学,工学系研究科,建築学専攻,田尻研究室,准教授　田尻清太郎,"専門は耐震工学・鉄筋コンクリート構造・耐震設計法。
主に鉄筋コンクリート造建築物の耐震性能向上に関する研究を行っている。
実験・解析・被害調査等による建築物の構造性能評価、地震応答評価、設計法に関する研究、大地震による損傷を低減・制御する技術、巨大地震に対して倒壊・崩壊を防止する設計法、などに重点的に取り組んでいる。",,耐震工学，鉄筋コンクリート構造，耐震設計法,https://arch.t.u-tokyo.ac.jp/professors/associate-professor/seitaro-tajiri/
5,東京大学,工学系研究科,建築学専攻,松田研究室,准教授　松田雄二,"松田研究室では、建築や都市空間がどのようにユーザーのニーズを受け止めているのか、またそもそもユーザーのニーズはどのようなものなのか、実際の場面において確かめることを目的として、建築計画学的な視点から調査研究を行っています。
　現代の日本は、高齢化の急速な進展や少子化の進行などに象徴されるように、社会が劇的に変化しています。そのなかで、これまで「あたりまえ」のものとされてきたユーザー像は、実は極めて限定的なものだったと考えています。本来、建築計画学として考えなければならないユーザー像は、極めて多岐にわたり、そのニーズも様々です。
　このような、多様化するユーザー像を解き明かすことから、建築や都市環境に求められる要件を再定義し、結果として各種施設や都市に求められる建築計画の姿を明らかにすることを目的として、調査研究を行っています。
　具体的に、現在主に行っている研究には、以下のものが含まれます。

・障害者の地域居住環境
・視覚障害者の歩行環境
・医療・福祉施設計画
・ユニバーサルデザイン","http://keikaku.arch.t.u-tokyo.ac.jp/matsuda_lab-top http://keikaku.arch.t.u-tokyo.ac.jp/",障害者の地域居住環境，視覚障害者の歩行環境，医療福祉施設計画，ユニバーサルデザイン,https://arch.t.u-tokyo.ac.jp/professors/associate-professor/yuji-matsuda/
5,東京大学,工学系研究科,建築学専攻,楠研究室,准教授　楠浩一,"東京大学　生産技術研究所　助手、建築研究所、横浜国立大学を経て、2014年度 より、東京大学地震研究所　災害科学系研究部門に属しています．
主たる研究テーマは、構造物のヘルスモニタリング、構造物の動的応答、鉄筋コ ンクリート系建物の耐震設計法、鉄筋コンクリート系部材の構造性能に 関する 実験的研究、および地震被災地域の被害調査です．",https://www.eri.u-tokyo.ac.jp/KUSUNOKI-LAB/,ヘルスモニタリング，動的応答，耐震設計，地震被災地の被害調査,https://arch.t.u-tokyo.ac.jp/professors/professor/activity-1178/
5,東京大学,工学系研究科,建築学専攻,千葉研究室,教授　千葉学,千葉研究室では、建築単体の中で完結する論理ではなく、むしろ広く都市空間や自然環境との関係性の中から導かれる新たな設計論の構築を目指している。特に都市空間における空地の構造や自然環境におけるランドスケープなどの視点から土地に潜在する秩序を炙り出し、こうしたコンテクストと人の集まり方に呼応した場の構築との関係性を、より実戦的なプロジェクトを通じて探求している。,"http://chibamanabu.co.jp/ https://www.utchibalab.com/"	,自然観・ランドスケープ，都市コンテクスト（の発見的読み取り），空地の構造，モビリティ，人の集まり方，これからの時代の公共性，建具／境界面,https://arch.t.u-tokyo.ac.jp/professors/professor/manabu-chiba/
5,東京大学,工学系研究科,建築学専攻,川添研究室,准教授　川添 善行,建築に何が可能か、という問いに向かい合い、実際の設計活動を通してその答えを見つけてゆきたい。そのためには、芸術、歴史、言語など文化に対する深い理解と、構造、環境、物質などの工学的知識が必要である。建築の設計とは、人々が帰りたいと思える風景を作り出すことだと考える。,,社会に貢献するデザイン，日本の風景となる建築，伝統的建築の環境への合理性の現代的翻訳，実際のまちづくりへの参加,https://arch.t.u-tokyo.ac.jp/professors/associate-professor/yoshiyuki-kawazoe/
5,東京大学,工学系研究科,建築学専攻,大月研究室,教授　大月 敏雄,"建築の設計とは、要求相矛盾する多数の人間の生活を合理的に支援する環境をいかに構築するかという作業といえる。
その設計の基礎となる考え方を導くために、すでにある環境を人間がどのように使いこなしているかを解明することを目指している。
また、従来の建築学は主として「新しく環境を構築する」ことに主眼が置かれていたが、環境問題・高齢少子化・経済低成長を背景とした現在、「すでにある環境をいかにつくり変えていくか」ということも重要となっており、こうした「空間のストック」をいかに次世代に継承していくかということにも取り組んでいる。

具体的には、以下のような研究に取り組んでいる。
・長期経過集合住宅（同潤会アパート、公団住宅、古い分譲マンションなど）における住みこなし、環境形成、建替えに関する研究
・戸建団地における住環境運営（住宅地マネジメント）に関する研究
・高齢化しない地域づくりのための、居住環境再編に関する地域計画的研究
・居住地間の連携によるまちづくりに関する研究
・世界のインフォーマル居住地の住環境改善に関する研究

人間がより豊かで多様な関わりを持てる環境を作ることを目的とし、人間が環境をどのように知覚・認知しているか、あるいは環境における人間行動、生態など、人間が本来的に持つ性質を実証的な観察・実験により明らかにし、それを基礎とした建築・室内・環境デザインの理論を構築するための研究を行っている。具体的には、人間個体まわりの空間、住宅内、病室、オフィス、公共的空間などを対象としている。",,建築計画，ハウジング，住宅地計画,https://arch.t.u-tokyo.ac.jp/professors/professor/toshio-ootsuki/
5,東京大学,工学系研究科,建築学専攻,野口研究室,教授　野口 貴文,建築材料の開発および性能評価、ならびに材料選定手法（材料計画）の体系化に関して、建築性能論に立脚するとともに資源環境問題も視野に入れて研究を行っている。建築材料は、空間を支え、快適な社会活動を維持し、建築物自体を表現する上で欠かすことのできない基本構成単位であり、そのライフサイクルに渡っての特性を十分に理解した上で、建築物に要求される性能を満足するように材料選定を行う必要がある。特に、性能が「つくり方」に大きく左右されるコンクリート造建築物については、施工計画・耐久設計・防耐火設計・維持保全・リサイクルなどの観点から研究を行っている。,,施工計画，耐久設計，防耐火設計，意地保全，リサイクル,https://arch.t.u-tokyo.ac.jp/professors/professor/takafumi-noguchi/
5,東京大学,工学系研究科,建築学専攻,赤司研究室,教授　赤司 泰義,建築・都市の熱環境やエネルギーシステムの分野において、環境負荷削減や省エネルギーのための技術の評価・提案・開発、および個々の技術を総合化し、実践していくための方法論に関する研究を行っている。具体的には、(1)空調システム運用の省エネルギーを支援し、コミッショニング・プロセスで活用するツールの開発、(2)多様な空調技術が建築の省エネルギーに寄与するためのシステムの設計法や運用・管理法の提案、(3)民生用業務施設におけるエネルギー消費のベースラインを明らかにする実態調査、(4)都市持続化の観点から効果的な施策立案を支援していくための都市環境負荷長期予測シミュレータの開発、(5)成長都市における建築のパッシブ／アクティブ・デザイン方策の検討、などである。,https://www.akashilab.com,建築熱環境，建築設備，エネルギーシステム，性能評価,https://arch.t.u-tokyo.ac.jp/professors/professor/yasunori-akashi/
5,東京大学,工学系研究科,建築学専攻,今井研究室,教授　今井 公太郎,"当研究室は、都市・建築空間とそこで起こる人間の活動を、どのように関係づけて説明できるかということに関心がある。最近の研究テーマは下記の通りである。

都市空間の解析・評価手法に関する研究
建築の空間システムの設計
設計手法に関する研究
新しい建築の素材に関する研究
古い建築のレトロ・フィット設計
新しい実験住宅のプロトタイピング
キャンパス・研究施設の設計
価値創造デザインに関する活動",,空間システム，設計手法，建築素材，レトロ・フィット設計，プロトタイピング，キャンパス/研究施設の設計，価値想像デザイン	,https://arch.t.u-tokyo.ac.jp/professors/professor/kotaro-imai/
5,東京大学,工学系研究科,建築学専攻,塩原研究室,教授　塩原 等,鉄筋コンクリート造部材の終局状態に至る挙動に関する実験的な研究、強度および変形能、復元力特性および履歴挙動の評価に関する実験的および解析的な研究、地震時における鉄筋コンクリート造建築物の非線形応答解析法に関する研究、鉄筋コンクリート造建築物の耐震設計法、地震動の特性の評価に関する研究、地震による建築物の被災調査など、鉄筋コンクリート構造および耐震問題に関して幅広い研究を行っている。また、建築物の性能に着目した性能基盤耐震設計に関して、耐震補強、ライフサイクル・修復コストアセスメント、などに関する研究に取り組んでいる。,http://www.rcs.arch.t.u-tokyo.ac.jp,鉄筋コンクリート，履歴挙動，非線形応答解析法，性能基盤耐震設計,https://arch.t.u-tokyo.ac.jp/professors/professor/hitoshi-shiohara/
5,東京大学,工学系研究科,建築学専攻,腰原研究室,教授　腰原 幹雄,"著書に、「都市木造のヴィジョンと技術」（オーム社）、「感覚と電卓でつくる現代木造住宅ガイド」（彰国社）

構造設計に、下馬の集合住宅、幕張メッセペデストリアンブリッジ、八幡浜市立日土小学校耐震改修、油津運河夢見橋、金沢エムビルなど。

構造の視点からさまざまな材料の可能性を追求中。",,,https://arch.t.u-tokyo.ac.jp/professors/professor/mikio-koshihara/
5,東京大学,工学系研究科,建築学専攻,加藤研究室,教授　加藤 耕一,"私たちは、西洋を中心とする建築の歴史を研究する研究室です。建築史研究は、知的刺激に満ちあふれた学問であり、建築の魅力を解き明かす重要な分野であると、私たちは考えています。
歴史上の魅力溢れる建築の数々を真摯な姿勢で研究することが、ひいては現代建築、さらには未来の建築を解き明かす建築理論を構築することにつながると、私たちは考えています。
加藤研究室では、たとえば以下のような観点から建築史の研究をおこなっています。
建築時間論
建築を竣工年代によってカタログ化（点の建築史）するのではなく、建築が時間の変遷とともにどのような変化を遂げていったのか（線の建築史）という点に着目する。「建築」：「建築家」：「竣工年」を一対一対応させがちな、近代的建築観からの脱却。
　ex. 「 時間のなかの建築──再利用から生じる歴史の重層性」
　　　（シンポジウム資料「時間のなかの建築」所収）
　ex. 『 時がつくる建築：リノベーションの西洋建築史』
　　　（東大出版会、2017年）
　ex. 「建築時間論──近代の500年、マテリアルの5億年」
　　　（10+1 WEBSITE「特集　時間のなかの建築、時間がつくる建築」2017年6月）

構築と空間
構法・材料・構造といった具体的なモノとしての建築に着目しながら、単なる技術論にとどまるのではなく、空間論、建築理論まで発展させる研究方法として。フランプトンの『テクトニック・カルチャー』以降の建築史学のあり方。
　ex. 「構築術的空間論としてのゴシック建築研究」
　　　（『ゴシック様式成立史論』序章）
　ex. 「特集　歴史観なき現代建築に未来はない」
　　　（インタビュー）（『GA JAPAN』124、所収）

近代建築史学の再考
21世紀の現在、20世紀における建築学の常識が、多くの場面で常識として通用しなくなり、建築の現場ではさまざまな新しい試みが登場している。建築史学の分野が成すべきは、近代的建築観を一歩引いた視点から歴史的に位置付け直すことだろう。",,建築時間論，構築と空間，近代建築史学の再考,https://arch.t.u-tokyo.ac.jp/professors/professor/koichi-kato/
5,東京大学,工学系研究科,建築学専攻,小渕研究室,准教授　小渕 祐介,"専門は建築設計・コンピューテーショナルデザイン。
南カリフォルニア大学卒業、プリンストン大学修了後、AA スクール(ロンドン)DRL 共同ディレクターを経て2010年より東京大学准教授。世界の先端のコンピューテーショナルデザインを日本に導入し、プログラミングや3Dモデリングを駆使してモデルを製作するデジタルファブリケーションを研究している。",,建築設計，コンピューテーショナルデザイン,https://arch.t.u-tokyo.ac.jp/professors/associate-professor/yusuke-obuchi/
5,東京大学,工学系研究科,建築学専攻,大岡研究室,教授　大岡 龍三,大岡研究室の研究分野は、建築・都市空間の物理環境の予測・評価・制御手法の開発である。取り扱う物理現象は主、気流、熱移動、物質移動、放射等多岐にわたる。この予測・評価手法は、(1) 生活空間における様々な物理現象を記述する理工学モデルの開発、(2) 開発された理工学モデルによる建築や都市空間における物理現象を予測するシステムの開発、(3) 予測された結果が、人間環境や都市環境、地球環境等に及ぼす影響を評価するシステムの3 つからなる。この予測・評価システムにより最適な環境制御手法の設計が可能となる。具体的な研究テーマは、1) 都市のヒートアイランド現象の解明と制御、2) 屋外温熱空気環境の最適設計、3)都市のエネルギー代謝・物質代謝の解明、4) 建築・都市空間における自然・未利用エネルギーの利用法、5)建築・都市の省エネルギーシステムの開発、6) 伝統的な建築設計手法を利用したサステナブル建築の設計と評価、等である。,,建築都市環境工学，サステナブルエンジニアリング,https://arch.t.u-tokyo.ac.jp/professors/professor/ryozo-ooka/
5,東京大学,工学系研究科,建築学専攻,前研究室,准教授　前 真之,"前真之研究室では建築環境工学の知識に基づき、主に住宅の快適性とエネルギーに関する研究を通し、再生可能エネルギーによって自立できる健康・快適住宅の開発に取り組んでいます。高性能開口部や潜熱蓄熱建材、太陽熱活用型暖冷房給湯設備の開発に関わるとともに、自然エネルギーを活用するのに極めて重要な設計手法の構築を進めています。実物件の環境設計にも積極的に関わり、研究と理論を実地で実践することにもこだわっています。
研究においては、屋上実験棟や地下試験室での実験・実物件での実測を大事にするとともに、熱回路網計算と数値流体計算・光シミュレーションを駆使して、真に快適で省エネな住宅の実現に努力しています。"	,http://maelab.arch.t.u-tokyo.ac.jp/,ゼロエネ，ゼロエミッション，建築環境シミュレーション，,https://arch.t.u-tokyo.ac.jp/professors/associate-professor/masayuki-mae/
5,東京大学,工学系研究科,建築学専攻,伊山研究室,准教授　伊山 潤,"鉄骨構造物の耐久性、高耐久化、長寿命化に関する研究

・鉄骨構造物の耐久性、高耐久化、長寿命化に関する研究鉄骨部材破断までの変形性能評価
・部材が破壊しても全体崩壊を免れる構造（フェイルセーフ構造）に関する研究
・地震波動の時間-周波数特性と構造物の応答挙動の関係",http://stahl.arch.t.u-tokyo.ac.jp,耐久性評価，高耐久化，長寿命化,https://arch.t.u-tokyo.ac.jp/professors/associate-professor/jun-iyama/
5,東京大学,工学系研究科,建築学専攻,藤田研究室,教授　藤田 香織,"伝統的木造建築の構造特性，特に耐震性を対象に研究を行っています．

主要な研究目的は，
(1)　現存する歴史的建造物の文化的な価値を継承しながら，その安全性を確保するために必要な工学的資料を蓄積すること，
(2)　幾多の自然災害に耐えた，わが国の歴史的建造物の構造特性を研究し，これに学び，今後の建築構造に何が反映できるかを考察すること，
の２点です．

ここ数年は，研究テーマを時間的（狭義の歴史的建築物だけでなく既存建築物），地理的（日本だけでなくアジア太平洋地域まで）に拡張する方向で研究を進めています．",,伝統的木造建築，構造特性，耐震性,https://arch.t.u-tokyo.ac.jp/professors/professor/kaori-fujita/
5,東京大学,工学系研究科,建築学専攻,松村研究室,教授　松村 秀一,"私たちの研究室は、一言でいうと「建築構法」の研究室です。

「建築構法」を、ごく平易に説明すると、「建物の作り方」ということになります。それで、建物の作り方に関することなら、何でも研究の対象になります。しかし、そうは言っても、漠然としすぎているので、実際にやっていることを、もう少し具体的にいえば、建築構造と、建築を作るプロセスにかかわる生産論です。ハードとソフトの両面をやっていることになります。

助教・技術官・研究員・研究生・大学院生・卒論生は、それぞれ専門の研究テーマをもっていますが、自分の専門以外のことも互いに手伝って、建築構法全般の勉強をしています。

研究室でどんなことが行われているかについては、研究室の各メンバーのところを覗いてください。けっこういろいろやっているでしょう。
",,建築構法,https://arch.t.u-tokyo.ac.jp/professors/professor/shuichi-matsumura/
5,東京大学,工学系研究科,建築学専攻,川口研究室,教授　川口 健一,"本研究室では立体構造の持つ優位性を生かした種々の構造物の研究開発を行っている。立体的な構造システムは軽量高剛性であり、材料の利用効率が高い。また、従来の構造物に無い柔軟性を兼ね備えたものもある。立体的な構造システムを有する構造物では、その形態が力学的性能に大きな影響を与えると同時に、複雑な構造挙動を示す場合が多い。本研究室の主な研究開発テーマを以下に示す。

軽量空間構造の開発
空間構造物の静的・動的挙動の研究
大規模集客施設の安全性に関する研究
膜構造やテンセグリティなどの張力構造物の研究
可動式／展開型構造物の開発
軽量構造物の耐震性と振動制御に関する研究
平面・曲面構造と構造形態の研究",http://space.iis.u-tokyo.ac.jp/,軽量空間構造，静的/動的挙動，安全性，膜構造，テンセグリティ，振動制御,https://arch.t.u-tokyo.ac.jp/professors/professor/kenichi-kawaguchi/
5,東京大学,工学系研究科,建築学専攻,中埜研究室,教授　中埜 良昭,"本研究室では、鉄筋コンクリート造建物の耐震性能に着目して、以下のカテゴリーに大別される研究を行っている。
1. 建築物の耐震性能評価手法および耐震補強手法の開発に関する研究
2. 次世代型耐震性能設計法に関する研究
3. 建築物の耐津波性能評価に関する研究
4. 耐震実験手法の開発に関する研究
5. 地震により被災した建築物の被害調査",,耐震性能評価，耐震補強手法，次世代耐震性能，耐津波性能評価，耐震実験，地震被害調査,https://arch.t.u-tokyo.ac.jp/professors/professor/yoshiaki-nakano/
5,東京大学,工学系研究科,建築学専攻,坂本研究室,教授　坂本 慎一,坂本研究室では建築・都市の重要な環境要素の一つである音環境について研究を行っており、その研究分野は建築音響と騒音制御工学に大別される。具体的には、建築音響に関する研究として、(1) 室内音響の設計法および評価法、(2) 吸音・遮音構造の開発研究を、騒音制御工学に関する研究として、(3) 道路交通騒音を主とした環境騒音の測定法および予測手法の開発研究、(4) 騒音の評価方法に関する研究を行っている。また、波動音響解析技術、信号処理を援用した高精度計測技術、立体音場再生技術を開発し、これらの研究をおこなう際の基盤技術として活用している。,http://www.acoust.iis.u-tokyo.ac.jp/,音環境，室内音響，吸音・遮音構造，建築音響，騒音制御工学,https://arch.t.u-tokyo.ac.jp/professors/professor/shinichi-sakamoto/
5,東京大学,工学系研究科,建築学専攻,野城研究室,教授　野城 智也,"ある一つの建築ができあがる過程は、予見性と不確定性が入り交じる環境のなかで、種々の知識、人材、組織、資源が組み合わさっていくプロセス(＝プロジェクト)であるとみることができる。現代の建築が内包する諸課題は、ある意味では、このプロセスをどのようにコントロールすることができるのかという点に帰着する。このような基本認識にたって以下のような研究を行っている。

1. サステナブル・コンストラクションに関する研究
2. MOP (Management of Project)及びMOT (Management of Technology)
3. 経時的カスタマイゼーションとしてのライフサイクルマネジメント手法の開発
4. 建設産業のサービス・プロバイダー化に関する研究
5. 建築プロダクトヘの情報・知識の「すり込み」に関する研究
6. プロジェクトにおける複数主体による非定型的な意志決定の構造に関する研究",,サステイナブル・コンストラクション，MOP，ライフサイクルマネジメント,https://arch.t.u-tokyo.ac.jp/professors/professor/yashiro-tomoya/
5,東京大学,工学系研究科,建築学専攻,横山研究室,教授　横山 ゆりか,"この研究室では、建築計画分野の研究を行っており、その中で、構築環境におけ る人の行動・心理を研究し、その知見から構築環境の計画・デザインに新しい提 案をすることをめざしている。構築環境における人の行動・心理の研究では、特 に人の多様性を肯定し、能力を高める環境を考える。事例をあげると、高齢者居住施設を訪れ、認知症高齢者がその物理的環境のどこで行動に混乱を きたすかを調査し、認知症高齢者にとってわかりやすい環境を考える研究。

隣人との自然なコミュニケーションを増し、クリエイティブな意思決定を助け るワークプレイスや住宅地のレイアウトを考察する研究などがある。また、建築家やその他の人々の設計過程を観察・計測し、その認知過程を分析して人 が構築環境をデザインする能力を高める手段を考察する研究も行っている。",http://system.c.u-tokyo.ac.jp/common/professor/yokoyama.html,建築計画，人間-環境系研究，設計方法論,https://arch.t.u-tokyo.ac.jp/professors/professor/yurika-yokoyama/
5,東京大学,工学系研究科,建築学専攻,纐纈研究室,教授　纐纈 一起,"地震という現象の始まりは震源の断層運動ですが，それによる揺れが地球を伝わる現象（地震波）や，伝わった先の地面が揺れたり（地震動），隆起・沈降する現象（地殻変動）があって完結します．この研究室では「地震の揺れを科学する」を研究テーマとしており，災害につながる強い揺れ（強震動）や長周期地震動など，地殻変動を含むいろいろな揺れが研究対象です．（詳細はhttp://taro.eri.u-tokyo.ac.jp/saigai/kenkyu.html）．

1. おおもとの震源は当然，地震波・地震動や地殻変動に大きな影響を及ぼすので，そこでの断層運動の詳細（震源過程）を明らかにする研究を進めています（Sato et al., 2005など）．さらには得られた震源過程のモデルから，震源で何が起っているのか，どのような揺れが発生しているのかなどの謎に，震源力学や地殻変動論などの立場から挑んでいます．

2. 地殻やプレート，地表近くの堆積層の構造も地震波・地震動や地殻変動に強い影響を及ぼします．そのため，地震波のレイトレーシング法を開発したり，構造のトモグラフィ解析を行ってきました（Koketsu and Higashi, 1992など）．しかし，現実的な地震動や地殻変動を再現できるような構造モデルを得るためには，モデル化手法の画期的なブレークスルーが必要で，その探求を行っています．

3. 地震波・地震動や地殻変動の研究も原動力となるのは観測とシミュレーションです．関東平野内約600観測点のデータを収集するシステムの開発に参加し，長周期地震動がいかに伝わっていくかを明らかにしました（Koketsu and Kikuchi, 2000）．さらには2.の構造モデルに対して地震動シミュレーションを行い，この観測事実が再現できることを確認しました．こうしたデータの活用と新しいシミュレーション手法の開発を進めています．",http://taro.eri.u-tokyo.ac.jp/saigai/kenkyu.html,断層運動，地震波，レイトレーシング法，,https://arch.t.u-tokyo.ac.jp/professors/professor/kazuki-koketsu/
5,東京大学,工学系研究科,建築学専攻,小﨑研究室,准教授　小﨑　美希,環境心理学や建築環境工学、中でも光環境や視環境など視覚情報を中心に研究しています。測定により空間の光環境などの物理的な要因を把握し、空間を体験する人の心理的側面から快適性などを評価し、それらの関係性を考えます。これにより人の環境の捉え方や人が空間を体験して快適と感じるための条件が把握でき、今後の計画につなげることができるでしょう。これまで、生活者の視点で身の回りの問題から発展させ、人が感じる明るさ感などの基礎的研究から商業店舗の照明計画への展開、看板・サインなどの視覚情報の取得しやすさや空間の印象評価やその体系化などについて研究をしてきました。,,環境心理学，建築環境工学，光環境，視環境	,https://arch.t.u-tokyo.ac.jp/professors/associate-professor/associate-professor-3851/
5,東京大学,工学系研究科,建築学専攻,岡部研究室,教授　岡部明子,"専門は建築設計・都市リサーチ及び都市デザイン。
環境学博士。
東京生まれ、1985年東京大学卒業後、磯崎新アトリエ(バルセロナ)を経て1990年堀正人とHori & Okabe, architectsを設立。
千葉大学教授を経て2015年より東京大学教授。
著書に『バルセロナ』2010、『サステイナブルシティ-EUの地域・環境戦略』2003、『ユーロアーキテクツ』1998他。",,建築設計，都市リサーチ，都市デザイン,https://arch.t.u-tokyo.ac.jp/professors/professor/akiko-okabe/
5,東京大学,工学系研究科,建築学専攻,佐藤研究室,准教授　佐藤 淳,"専門は構造設計。
東京大学大学院修了後木村俊彦構造設計事務所勤務を経て佐藤淳構造設計事務所設立。
2010年より東京大学准教授。
国内外の著名な建築家と恊働し構造設計を手がける。主な作品に「公立はこだて未来大学研究棟」「地域資源活用総合交流促進施設」「Sunny Hills Japan」など。
著書に『佐藤淳構造設計事務所のアイテム』2010 他。",,構造設計,https://arch.t.u-tokyo.ac.jp/professors/associate-professor/jun-sato/


5,東京大学,工学系研究科,都市工学専攻,都市計画研究室,"村山顕人 准教授
真鍋陸太郎 助教
似内遼一 助教
吉田崇紘 特任助教",人口減少・超高齢社会への適応、環境負荷の低減、防災・減災といった課題に、都市や都市を超えて広がる生活空間の形成と維持管理を通じて取り組む方法を探究しています。 都市の空間像の構想と実現方策の検討、土地利用・都市形態の変容過程とそれへの効果的介入、産官民協働の都市形成管理手法、これらに必要な都市情報の収集・処理・表現方法等が主な関心領域です。,http://up.t.u-tokyo.ac.jp/index-j.html,都市基本計画、土地利用計画、市街地整備、地区計画、土地利用・市街地形態コントロール、計画策定プロセス、持続性評価、都市情報、多主体参加,http://www.due.t.u-tokyo.ac.jp/research/faculty/lab/
5,東京大学,工学系研究科,都市工学専攻,都市デザイン研究室,"教授　宮城俊作
准教授　中島直人
助教　永野真義",都市空間の意図を読み解き、持続的な魅力ある暮らしの場を実現する「研究」と「実践」に取り組んでいます。 「研究」では、各自が自分のテーマを選びます。「実践」では、日本の大都市から海外の小さな集落まで、様々な地域社会の住民や自治体の方々と協働しながら、 綿密な調査をふまえた実験や提案をします。「研究」と「実践」の深い呼応が重要だと考えています。,http://ud.t.u-tokyo.ac.jp/ja/teachers/faculty_staff/	,"都市デザインのあり方，その理論と方法に関する研究
都市空間に関する理論，分析や提案
都市形成に関わる歴史研究，都市計画史の研究
風景や景観の特質の分析や形成の手法に関する研究や提案
歴史的環境や建造物の保全や活用に関する研究や提案
海外の都市デザインに関する研究と日本との比較やその応用
参加型・協働型まちづくりとその過程や組織に関する研究と提案
自治体の都市空間政策に関する研究と提案"	,http://www.due.t.u-tokyo.ac.jp/research/faculty/lab/
5,東京大学,工学系研究科,都市工学専攻,住宅・都市解析研究室,"教授　浅見泰司
教授　貞弘幸雄
教授　山田育穂
准教授　樋野公宏
助教　薄井宏行
助教　相尚寿
特任助教　鈴木雅智"	,都市居住と都市解析を研究の2つの柱としながら、都市計画全体を見渡した広範な研究を手がけています。 住宅地のフィジカルプランニング、居住環境の定量的評価、住宅問題における経済的及び法制度的側面の検討、都市施設の適正配置、土地利用変化の評価と予測、 GISによる都市計画立案支援、人間の空間認知と行動、居住に関わる心理、都市景観評価等、様々な研究を通じて、今後の望ましい都市像を考えています。,http://ua.t.u-tokyo.ac.jp/,都市住宅論，地理情報システム，空間情報科学，空間統計学，居住セキュリティ，都市解析，住環境，City Science，観光者行動解析，住宅・不動産，都市計画,http://www.due.t.u-tokyo.ac.jp/research/faculty/lab/
5,東京大学,工学系研究科,都市工学専攻,都市情報・安全システム研究室,"准教授　廣井悠
特任助教　大津山堅介","当研究室では生産技術研究所・加藤研究室とも連携し、安全・安心という視点から望ましい都市・地域を創るための研究を行っています。 社会調査、数理的手法、合意形成・情報技術など研究に役立つ方法論をすべて使いつつ、隠された都市のリスクを探し、 「よい」都市の理想像を考え、人間の行動をよく知った上で、望ましい都市を実現するための仕組みを提案しています。
",http://www.u-hiroi.net/index.html,都市防災，都市計画，都市復興，米国の復興政策・都市計画事業手法，アジアにおけるAdaptive Recovery帰宅困難者，都市避難，震災時疎開，地震火災と津波火災，住宅防火，次世代被害予測シミュレーション,http://www.due.t.u-tokyo.ac.jp/research/faculty/lab/
5,東京大学,工学系研究科,都市工学専攻,国際都市計画・地域計画研究室,"教授　城所哲夫
准教授　瀬田史彦",国際都市計画・地域計画研究室では、計画制度･計画課題等の実証分析、アジア等の発展途上国大都市における都市化過程の制御と整備手法に関する研究、 エネルギー消費の削減モデル等環境問題の研究、人口減少および都市縮小局面のプランニング、その他幅広い切り口から、都市に関連する研究を総合的かつ実証的に行っています。,http://www.urban.t.u-tokyo.ac.jp/a_ss.html,アジア都市計画論，都市空間ガバナンス論，国土・都市計画，地域開発，グローバル都市論,http://www.due.t.u-tokyo.ac.jp/research/faculty/lab/
5,東京大学,工学系研究科,都市工学専攻,都市交通研究室,"准教授　高見淳史
講師　パラディ・ジアンカルロス
特任助教　藤垣洋平",	都市における交通とその計画について研究しています。特に、時代の要請に応えつつ人の生活をよりよく支える都市と交通の姿を探求し、 その実現へ貢献することに重点を置いています。人の活動と行動をより深く理解する調査・分析手法、価値創造型の交通まちづくり、 持続可能な都市を目指した土地利用・交通戦略と計画制度、新しいモビリティの可能性などがテーマです。,http://www.ut.t.u-tokyo.ac.jp/,,http://www.due.t.u-tokyo.ac.jp/research/faculty/lab/
5,東京大学,工学系研究科,都市工学専攻,まちづくり研究室,"教授　小泉秀樹
特任准教授　吉村有司
特任講師　後藤智香子
特任助教　新雄太
特任助教　矢吹剣一",	自らコミュニティ再生やまちづくりに関わるプロジェクトをコーディネートしながら、実践研究を積み重ねています。 コミュニテ ィや「まち」の再生をめざした、デザイン、プランニングそしてマネジメントの、方法論や手法、それらを支える基礎理論について、 さまざまなアプローチから探求し、実際のコミュニティ再生プロジェクトやまちづくりへの応用を進めています。,http://ut-cd.com/,まちづくり，コミュニティの再生，コミュニティのデザイン・プランニング・マネジメント，参加型民主主義，コミュニティビジネス,http://www.due.t.u-tokyo.ac.jp/research/faculty/lab/
5,東京大学,工学系研究科,都市工学専攻,環境デザイン研究室,"教授　横張　真
特任講師　飯田晶子
客員研究員　山崎 嵩拓",ルビンの壺というだまし絵がある。図として描かれているのは壺だが、地に注目すると、二人の人物が向き合っているように見える、あの絵だ。 人口減少や超高齢化、経済停滞のなかで、今、都市が大きく様変わりしつつある。従来の都市計画が「図」を描くことに専心してきたとすれば、 これからの都市計画は「地」をいかに描くかに腐心しなければならないのかもしれない。 環境デザイン研は、みどりや環境を切り口に、「地」のデザインを考える。,https://yokoharilab.t.u-tokyo.ac.jp/,緑地環境計画，緑地計画学，都市生態学，ランドスケープデザイン，都市計画，広域景観，都市生態系,http://www.due.t.u-tokyo.ac.jp/research/faculty/lab/
5,東京大学,工学系研究科,都市工学専攻,空間デザイン研究室,"教授　出口敦
特任助教　三浦詩乃
特任助教　笹尾知世
特任研究員　尾崎信
特任研究員　三牧浩也",様々なスケールの空間デザインに関わる研究と実践を進めています。特に公共空間のデザイン・マネジメントに関する研究や、Society 5.0の考え方によるスマートシティのデザインに関する研究を進め、フィールドでの実践と方法論の探究の両面からサステイナブルな都市づくりに貢献することを目指しています。また、柏の葉アーバンデザインセンター（UDCK）の活動の中心的役割を担いながら、実践活動も推進しています。,http://udcx.k.u-tokyo.ac.jp/,都市デザイン学，都市計画学，サステナブルな都市づくり，アーバンデザインセンターと組織論，次世代スマートシティ，アジアン・アーバニズム,http://www.due.t.u-tokyo.ac.jp/research/faculty/lab/
5,東京大学,工学系研究科,都市工学専攻,地域デザイン研究室,unkown,暮らしは、多様な領域が複合した範囲である「地域」と呼応して、営まれています。 地形や歴史を読み解き、突発性／進行性リスクへの対応の必然性を深く認識し、関係性の中で「地域」を理解し構想するという実践。 それを支える論理。両者の往還の中で、有益な研究を生み出し、地域に還元します。,http://td.t.u-tokyo.ac.jp/,,http://www.due.t.u-tokyo.ac.jp/research/faculty/lab/
5,東京大学,工学系研究科,都市工学専攻,加藤孝明研究室,教授（兼 社会科学研究所 特任教授）　加藤孝明,地域安全システム学という生産技術研究所の専門領域名で研究室を主宰しています。1) 市街地の脆弱性・防災性の評価手法の構築、2) まちづくりの現場における防災・減災まちづくりの実践、3) 復興準備に関する研究、及び、復興まちづくりの支援、4) GIS、情報技術を用いた地域安全への貢献について研究しています。ハザードとして、地震だけではなく、気候変動をふまえた大規模水害も対象とし、外部組織との連携による産官学の共同研究、共同活動を行っています。,http://kato-sss.iis.u-tokyo.ac.jp/,"自然災害に対する市街地の脆弱性評価，地域社会における実践的アプローチの確立，災害からの都市・地域復興に関する研究，地域安全を支える技術の高度化と社会実装
",http://www.due.t.u-tokyo.ac.jp/research/faculty/lab/
5,東京大学,工学系研究科,都市工学専攻,都市水システム研究室,"教授　滝沢智
教授　珠坪一晃
准教授  小熊久美子
特任講師　風間しのぶ","都市水システム研究室では、人口減少社会においても、都市の水インフラのアセットマネジメントをつうじて適切な施設の更新を促し、将来にわたって安全・安心な水を安定して供給するための研究に取り組んでいます。また、新しい水処理技術の開発や、気候変動による都市水システムの脆弱性評価など、都市の水問題の解決に向けた研究を推進しています。さらに国内および海外の水供給に問題を抱える地域においては、水質調査や水利用状況の調査などの現地調査にも積極的に取り組んでいます。
",http://www.urbanwater.t.u-tokyo.ac.jp/,アジアの都市水システム，都市と地下水環境，高度浄水処理（膜ろ過、ナノスケール吸着剤、紫外線処理など），都市水システムの計画および維持管理，気候変動による都市水システムへの影響,http://www.due.t.u-tokyo.ac.jp/research/faculty/lab/
5,東京大学,工学系研究科,都市工学専攻,地域循環共生システム研究室,"教授　藤田壮
講師　中谷隼",都市環境工学には、地球規模の環境や未来世代の持続可能性も視野に入れつつ、都市を環境の視点から再構築する広い視野が必要となります。地域循環共生システム研究室では、都市と地域における資源循環やエネルギーの流れとそれに伴う環境影響を明らかにしながら、 脱炭素や循環経済などの未来の目標に向けて、都市に蓄積された循環資源の活用、地域でのエネルギーマネジメントシステムを構築する研究に取り組んでいます。環境と人間社会が共生する都市の仕組みを科学的に考え、それを社会に実装する研究教育を進めています。,http://www.urm.t.u-tokyo.ac.jp/,,http://www.due.t.u-tokyo.ac.jp/research/faculty/lab/
5,東京大学,工学系研究科,都市工学専攻,都市衛生工学研究室,"教授　片山裕之
講師　橋本崇史",水系感染症は途上国の問題として捉えられがちですが、先進国においても十分に安全な水を供給することは容易でない状況です。水中の病原微生物は、水道及び下水道において、今なお重要な課題という認識のもと、都市衛生工学研究室では、水中のウイルスを中心に、水道、水環境、下水などを俯瞰して病原微生物の生活環を把握し、環境工学を通じて都市の微生物学的安全性を確立することを目指しています。,http://www.envph.t.u-tokyo.ac.jp/,水中ウイルス，安全な水供給,http://www.due.t.u-tokyo.ac.jp/research/faculty/lab/
5,東京大学,工学系研究科,都市工学専攻,水環境制御研究室,"教授　古米 弘明
准教授　栗栖 太
准教授　春日 郁朗
特任准教授　渋尾 欣弘",水環境制御研究室では、都市水環境の制御に関わる多様かつ複合的な課題の解決に取り組んでいます。個々の問題は相互に関連しており、水道や下水道という人工的な水循環系との関わりのなかで、水利用や水環境、雨水管理を総合的に捉えることが重要です。研究項目は、1）都市における雨天時汚濁の解析と制御、2）都市雨水管理と浸水対策の高度化、3）水処理プロセスにおける微生物機能や給配水システムにおける微生物群集の管理、4）水利用を考慮した水環境中の未規制有機物の管理など多岐にわたっており、多角的な視点で水環境を理解し制御するための能力を醸成することを目指しています。,http://www.recwet.t.u-tokyo.ac.jp/lab/index.html,合流式下水道，流出汚濁負荷解析，流動水質モデル，人工的水循環系,http://www.due.t.u-tokyo.ac.jp/research/faculty/lab/
5,東京大学,工学系研究科,都市工学専攻,環境質リスク管理研究室,"教授　中島典之
講師　飛野智宏",人間活動に起因する環境質（水質、大気質、土壌質）の劣化がもたらす様々なリスクを総合的に管理するためには、全体を俯瞰して把握する総合化能力とともに、リスクを正しく評価し、リスクを合理的に低減する技術開発が必須です。当研究室では、汚染土壌・底質の生態影響評価と浄化技術開発、都市排水水質管理技術開発、都市下水処理場のコンパクト化およびエネルギー・資源効率化に寄与する次世代メンブレンバイオリアクター等の革新的下水処理技術開発を進めています。,https://envrisk.t.u-tokyo.ac.jp/hp/,生態毒性学，都市雨水管理，環境水質化学，環境微生物工学，生物学的排水処理，微生物群集解析,http://www.due.t.u-tokyo.ac.jp/research/faculty/lab/
5,東京大学,工学系研究科,都市工学専攻,都市サステイナビリティ学研究室,"教授　福士謙介
准教授　栗栖聖
助教　Pu,Jian","この研究室は都市のサステイナビリティを研究することを大きな目的としています。個人、都市、地域、地球などの様々なスケールを考え、実際の問題解決に資するような実践的な研究を行っています。そして、最終的には自然と共生する社会を構築することによって、持続可能性を実現し、人間の福利を向上させることを目指します。
",http://sustainability.t.u-tokyo.ac.jp/index.html,スマートエコアイランド，健康リスク解析，リスクコミュニケーション，都市農園導入，持続可能な食，気候変動への適応とQoL，環境配慮行動の促進，環境教育マテリアル,http://www.due.t.u-tokyo.ac.jp/research/faculty/lab/
5,東京大学,工学系研究科,都市工学専攻,社会生態システム（旧 環境微生物機能）研究室,"教授　佐藤弘泰
教授　小貫元治",当研究室は組織上は新領域創成科学研究科社会文化環境学専攻に所属し、柏キャンパスにあります。ポリリン酸蓄積細菌など有用な機能を持つ微生物の働きを活かし、下水処理の性能向上や水環境の改善に結びつけようという方向の研究に端を発し、有機物貯蔵能力を有する微生物を用いた下水処理の最適化や下水管内での下水浄化といった処理プロセスの研究、社会の持続可能性との関係からサスティナビリティ教育や技術システムの持続可能性の評価といったマクロな方向への展開、また逆に、次世代シークエンサーを用いて環境浄化に関わる微生物生態系についての解析といった顕微鏡レベル、分子レベルの研究を行っています。,https://seslab.edu.k.u-tokyo.ac.jp/,管路内下水浄化，生物学的廃水処理技術，,http://www.due.t.u-tokyo.ac.jp/research/faculty/lab/
5,東京大学,工学系研究科,都市工学専攻,下水道システムイノベーション研究室,"教授　滝沢智
特任准教授　加藤裕之
特任助教　野村洋平",これからの日本の下水道システムは水やエネルギーなどの地域資源の循環に貢献することが求められています。2020年4月に開設された下水道システムイノベーション研究室では、社会ニーズに対応した、下水処理水や汚泥等の再利用技術、省エネ技術、AI技術、新素材等を活用した新たな下水道システムの構築に向けた研究を行います。また、下水道システムを活用した地域振興、官民連携や水ビジネスについても研究することとします。,https://www.envssil.t.u-tokyo.ac.jp/,下水処理水，汚泥等の再利用技術，省エネ技術，AI技術，新素材等を活用した新たな下水道システムの構築,http://www.due.t.u-tokyo.ac.jp/research/faculty/lab/











